[
{
    "fields": {
        "model": "logentry",
        "app_label": "admin"
    },
    "model": "contenttypes.contenttype",
    "pk": 1
},
{
    "fields": {
        "model": "permission",
        "app_label": "auth"
    },
    "model": "contenttypes.contenttype",
    "pk": 2
},
{
    "fields": {
        "model": "group",
        "app_label": "auth"
    },
    "model": "contenttypes.contenttype",
    "pk": 3
},
{
    "fields": {
        "model": "user",
        "app_label": "auth"
    },
    "model": "contenttypes.contenttype",
    "pk": 4
},
{
    "fields": {
        "model": "contenttype",
        "app_label": "contenttypes"
    },
    "model": "contenttypes.contenttype",
    "pk": 5
},
{
    "fields": {
        "model": "session",
        "app_label": "sessions"
    },
    "model": "contenttypes.contenttype",
    "pk": 6
},
{
    "fields": {
        "model": "signup",
        "app_label": "subscribers"
    },
    "model": "contenttypes.contenttype",
    "pk": 7
},
{
    "fields": {
        "model": "site",
        "app_label": "sites"
    },
    "model": "contenttypes.contenttype",
    "pk": 8
},
{
    "fields": {
        "model": "registrationprofile",
        "app_label": "registration"
    },
    "model": "contenttypes.contenttype",
    "pk": 9
},
{
    "fields": {
        "model": "product",
        "app_label": "products"
    },
    "model": "contenttypes.contenttype",
    "pk": 10
},
{
    "fields": {
        "model": "variation",
        "app_label": "products"
    },
    "model": "contenttypes.contenttype",
    "pk": 11
},
{
    "fields": {
        "model": "productimage",
        "app_label": "products"
    },
    "model": "contenttypes.contenttype",
    "pk": 12
},
{
    "fields": {
        "model": "category",
        "app_label": "products"
    },
    "model": "contenttypes.contenttype",
    "pk": 13
},
{
    "fields": {
        "model": "cartitem",
        "app_label": "carts"
    },
    "model": "contenttypes.contenttype",
    "pk": 14
},
{
    "fields": {
        "model": "cart",
        "app_label": "carts"
    },
    "model": "contenttypes.contenttype",
    "pk": 15
},
{
    "fields": {
        "expire_date": "2016-09-22T19:48:06.432Z",
        "session_data": "N2M0MzJlMGU3MzliZGFiOTI4NzZkMmE4NzNmNmFiMmQ4MWNhMGYyMTp7ImNhcnRfaWQiOjcsIl9zZXNzaW9uX2V4cGlyeSI6MH0="
    },
    "model": "sessions.session",
    "pk": "0yoj3u2hmi4psh97g8xsmbaa2uc35di7"
},
{
    "fields": {
        "expire_date": "2016-09-20T00:37:56.155Z",
        "session_data": "ZDI3ZDcxY2MwMWFiMzc2YTVkYWNiMjFkYjk1YjZhNzIzNzZjMTA1Zjp7Il9hdXRoX3VzZXJfaGFzaCI6IjY1YjAxOWM3MzllZDYxYTY3NTlhMDQ1M2I4NzQxOWNkZjRmNzNkZTAiLCJfYXV0aF91c2VyX2JhY2tlbmQiOiJkamFuZ28uY29udHJpYi5hdXRoLmJhY2tlbmRzLk1vZGVsQmFja2VuZCIsIl9hdXRoX3VzZXJfaWQiOiIzIn0="
    },
    "model": "sessions.session",
    "pk": "f9m18lshgucecbad8qztiztpwzh7750h"
},
{
    "fields": {
        "expire_date": "2016-09-22T18:42:58.680Z",
        "session_data": "NmQ2ODFmZGRiOWFjYmUyMzM1MjQzMzRjNzBlYWU5NzYyMDUwN2E2ZTp7Il9hdXRoX3VzZXJfaGFzaCI6IjFmY2VmY2ZhM2MxNTlmZGUwMGMzZmFkOTM4OTA4YWY2NDY2YzU3YTUiLCJfYXV0aF91c2VyX2JhY2tlbmQiOiJkamFuZ28uY29udHJpYi5hdXRoLmJhY2tlbmRzLk1vZGVsQmFja2VuZCIsIl9hdXRoX3VzZXJfaWQiOiI3In0="
    },
    "model": "sessions.session",
    "pk": "hi5fstj0okeih7tgokkx4t46hzbpqswh"
},
{
    "fields": {
        "expire_date": "2016-09-22T00:19:47.086Z",
        "session_data": "MDIyM2IwMDBkZGRkNjRiZmVlZTQ1MTNkY2MwMDAwODNlZGE2YTRjNDp7ImNhcnRfaWQiOjUsIl9zZXNzaW9uX2V4cGlyeSI6MH0="
    },
    "model": "sessions.session",
    "pk": "kjwbkr21fafcqtdqplgdnrcyxplav60m"
},
{
    "fields": {
        "expire_date": "2016-09-21T16:21:14.344Z",
        "session_data": "ZDI3ZDcxY2MwMWFiMzc2YTVkYWNiMjFkYjk1YjZhNzIzNzZjMTA1Zjp7Il9hdXRoX3VzZXJfaGFzaCI6IjY1YjAxOWM3MzllZDYxYTY3NTlhMDQ1M2I4NzQxOWNkZjRmNzNkZTAiLCJfYXV0aF91c2VyX2JhY2tlbmQiOiJkamFuZ28uY29udHJpYi5hdXRoLmJhY2tlbmRzLk1vZGVsQmFja2VuZCIsIl9hdXRoX3VzZXJfaWQiOiIzIn0="
    },
    "model": "sessions.session",
    "pk": "xiw9t68de4t1zgtikykmp7xxeqgu7tql"
},
{
    "fields": {
        "expire_date": "2016-09-22T01:49:16.478Z",
        "session_data": "ZjU0MDRmYTE1NTU3ZTcxYWVjOTMwMGNlMjIxMzczODUxYjA0ODU1NDp7ImNhcnRfaWQiOjYsIl9zZXNzaW9uX2V4cGlyeSI6MH0="
    },
    "model": "sessions.session",
    "pk": "yf1jrzk7ompfrgj31wi6sfsrux7wkqju"
},
{
    "fields": {
        "domain": "example.com",
        "name": "example.com"
    },
    "model": "sites.site",
    "pk": 1
},
{
    "fields": {
        "timestamp": "2016-09-03T20:41:07.900Z",
        "updated": "2016-09-03T20:41:07.900Z",
        "email": "brittdawndev@gmail.com",
        "full_name": "Britt Johnson"
    },
    "model": "subscribers.signup",
    "pk": 1
},
{
    "fields": {
        "timestamp": "2016-09-04T18:43:00.963Z",
        "updated": "2016-09-04T18:43:00.963Z",
        "email": "brittdawndev@gmail.com",
        "full_name": "Britt Johnson"
    },
    "model": "subscribers.signup",
    "pk": 2
},
{
    "fields": {
        "description": "This brand new Oreo brand Oreo cookie will blow you right out of the water. Swedish Fish are here to stay, people.",
        "title": "Oreos",
        "default": null,
        "price": "50.00",
        "active": true,
        "categories": [
            1
        ]
    },
    "model": "products.product",
    "pk": 4
},
{
    "fields": {
        "description": "meat",
        "title": "Meatball Gum",
        "default": 3,
        "price": "90.00",
        "active": true,
        "categories": [
            3
        ]
    },
    "model": "products.product",
    "pk": 6
},
{
    "fields": {
        "description": "Edible Ball Bearings",
        "title": "Ball Bearings",
        "default": null,
        "price": "95.00",
        "active": true,
        "categories": [
            5
        ]
    },
    "model": "products.product",
    "pk": 8
},
{
    "fields": {
        "description": "Lollipops with REAL bugs in them",
        "title": "Bug-Pops",
        "default": null,
        "price": "75.00",
        "active": true,
        "categories": [
            5
        ]
    },
    "model": "products.product",
    "pk": 9
},
{
    "fields": {
        "description": "Bacon + Candy = YUMMM!",
        "title": "Gummy-Bacon",
        "default": null,
        "price": "37.00",
        "active": true,
        "categories": [
            4
        ]
    },
    "model": "products.product",
    "pk": 10
},
{
    "fields": {
        "description": "Ice Cream + Poop = Yum??",
        "title": "Poop Ice Cream",
        "default": null,
        "price": "999.00",
        "active": true,
        "categories": [
            6
        ]
    },
    "model": "products.product",
    "pk": 11
},
{
    "fields": {
        "product": 4,
        "title": "Pumpkin Spice",
        "price": "500.00",
        "inventory": 50,
        "active": true,
        "sale_price": "400.00"
    },
    "model": "products.variation",
    "pk": 5
},
{
    "fields": {
        "product": 4,
        "title": "Swedish Fish",
        "price": "30.00",
        "inventory": 5000,
        "active": true,
        "sale_price": "15.00"
    },
    "model": "products.variation",
    "pk": 6
},
{
    "fields": {
        "product": 6,
        "title": "1 wad",
        "price": "90.00",
        "inventory": null,
        "active": true,
        "sale_price": null
    },
    "model": "products.variation",
    "pk": 9
},
{
    "fields": {
        "product": 8,
        "title": "1 bushel",
        "price": "95.00",
        "inventory": null,
        "active": true,
        "sale_price": null
    },
    "model": "products.variation",
    "pk": 11
},
{
    "fields": {
        "product": 9,
        "title": "12 Pack",
        "price": "75.00",
        "inventory": null,
        "active": true,
        "sale_price": null
    },
    "model": "products.variation",
    "pk": 12
},
{
    "fields": {
        "product": 10,
        "title": "Gummy Bacon",
        "price": "37.00",
        "inventory": null,
        "active": true,
        "sale_price": null
    },
    "model": "products.variation",
    "pk": 13
},
{
    "fields": {
        "product": 11,
        "title": "Poop Ice Cream",
        "price": "999.00",
        "inventory": null,
        "active": true,
        "sale_price": null
    },
    "model": "products.variation",
    "pk": 14
},
{
    "fields": {
        "product": 4,
        "image": "products/swedish_fish_oreo.jpg"
    },
    "model": "products.productimage",
    "pk": 3
},
{
    "fields": {
        "product": 6,
        "image": "products/meatball_bubblegum.jpg"
    },
    "model": "products.productimage",
    "pk": 4
},
{
    "fields": {
        "product": 8,
        "image": "products/ball_bearing.jpg"
    },
    "model": "products.productimage",
    "pk": 6
},
{
    "fields": {
        "product": 9,
        "image": "products/bug_pops.jgp.jpg"
    },
    "model": "products.productimage",
    "pk": 7
},
{
    "fields": {
        "product": 10,
        "image": "products/gummy_bacon_hWiG7nc.jpg"
    },
    "model": "products.productimage",
    "pk": 8
},
{
    "fields": {
        "product": 11,
        "image": "products/chocolate_bean_paste_icecream.jpg"
    },
    "model": "products.productimage",
    "pk": 9
},
{
    "fields": {
        "active": true,
        "timestamp": "2016-09-07T01:31:10.820Z",
        "description": "Yummy yummy in my tummy",
        "slug": "cookies",
        "title": "Cookies"
    },
    "model": "products.category",
    "pk": 1
},
{
    "fields": {
        "active": true,
        "timestamp": "2016-09-07T02:09:36.543Z",
        "description": "",
        "slug": "disgusting-veggies",
        "title": "Disgusting Veggies"
    },
    "model": "products.category",
    "pk": 2
},
{
    "fields": {
        "active": true,
        "timestamp": "2016-09-07T17:32:53.529Z",
        "description": "",
        "slug": "gum",
        "title": "gum"
    },
    "model": "products.category",
    "pk": 3
},
{
    "fields": {
        "active": true,
        "timestamp": "2016-09-07T17:38:45.768Z",
        "description": "",
        "slug": "gummies",
        "title": "Gummies"
    },
    "model": "products.category",
    "pk": 4
},
{
    "fields": {
        "active": true,
        "timestamp": "2016-09-07T17:39:36.507Z",
        "description": "",
        "slug": "hard-candy",
        "title": "Hard-candy"
    },
    "model": "products.category",
    "pk": 5
},
{
    "fields": {
        "active": true,
        "timestamp": "2016-09-07T17:42:10.583Z",
        "description": "",
        "slug": "ice-cream",
        "title": "Ice Cream"
    },
    "model": "products.category",
    "pk": 6
},
{
    "fields": {
        "line_item_total": "19.99",
        "item": 9,
        "cart": 3,
        "quantity": 1
    },
    "model": "carts.cartitem",
    "pk": 4
},
{
    "fields": {
        "line_item_total": "19.99",
        "item": 11,
        "cart": 3,
        "quantity": 1
    },
    "model": "carts.cartitem",
    "pk": 5
},
{
    "fields": {
        "line_item_total": "190.00",
        "item": 11,
        "cart": 5,
        "quantity": 2
    },
    "model": "carts.cartitem",
    "pk": 18
},
{
    "fields": {
        "line_item_total": "30.00",
        "item": 6,
        "cart": 5,
        "quantity": 2
    },
    "model": "carts.cartitem",
    "pk": 19
},
{
    "fields": {
        "line_item_total": "90.00",
        "item": 9,
        "cart": 5,
        "quantity": 1
    },
    "model": "carts.cartitem",
    "pk": 20
},
{
    "fields": {
        "line_item_total": "1998.00",
        "item": 14,
        "cart": 5,
        "quantity": 2
    },
    "model": "carts.cartitem",
    "pk": 21
},
{
    "fields": {
        "line_item_total": "270.00",
        "item": 9,
        "cart": 6,
        "quantity": 3
    },
    "model": "carts.cartitem",
    "pk": 23
},
{
    "fields": {
        "line_item_total": "1200.00",
        "item": 5,
        "cart": 6,
        "quantity": 3
    },
    "model": "carts.cartitem",
    "pk": 24
},
{
    "fields": {
        "line_item_total": "95.00",
        "item": 11,
        "cart": 7,
        "quantity": 1
    },
    "model": "carts.cartitem",
    "pk": 25
},
{
    "fields": {
        "codename": "add_logentry",
        "name": "Can add log entry",
        "content_type": 1
    },
    "model": "auth.permission",
    "pk": 1
},
{
    "fields": {
        "codename": "change_logentry",
        "name": "Can change log entry",
        "content_type": 1
    },
    "model": "auth.permission",
    "pk": 2
},
{
    "fields": {
        "codename": "delete_logentry",
        "name": "Can delete log entry",
        "content_type": 1
    },
    "model": "auth.permission",
    "pk": 3
},
{
    "fields": {
        "codename": "add_permission",
        "name": "Can add permission",
        "content_type": 2
    },
    "model": "auth.permission",
    "pk": 4
},
{
    "fields": {
        "codename": "change_permission",
        "name": "Can change permission",
        "content_type": 2
    },
    "model": "auth.permission",
    "pk": 5
},
{
    "fields": {
        "codename": "delete_permission",
        "name": "Can delete permission",
        "content_type": 2
    },
    "model": "auth.permission",
    "pk": 6
},
{
    "fields": {
        "codename": "add_group",
        "name": "Can add group",
        "content_type": 3
    },
    "model": "auth.permission",
    "pk": 7
},
{
    "fields": {
        "codename": "change_group",
        "name": "Can change group",
        "content_type": 3
    },
    "model": "auth.permission",
    "pk": 8
},
{
    "fields": {
        "codename": "delete_group",
        "name": "Can delete group",
        "content_type": 3
    },
    "model": "auth.permission",
    "pk": 9
},
{
    "fields": {
        "codename": "add_user",
        "name": "Can add user",
        "content_type": 4
    },
    "model": "auth.permission",
    "pk": 10
},
{
    "fields": {
        "codename": "change_user",
        "name": "Can change user",
        "content_type": 4
    },
    "model": "auth.permission",
    "pk": 11
},
{
    "fields": {
        "codename": "delete_user",
        "name": "Can delete user",
        "content_type": 4
    },
    "model": "auth.permission",
    "pk": 12
},
{
    "fields": {
        "codename": "add_contenttype",
        "name": "Can add content type",
        "content_type": 5
    },
    "model": "auth.permission",
    "pk": 13
},
{
    "fields": {
        "codename": "change_contenttype",
        "name": "Can change content type",
        "content_type": 5
    },
    "model": "auth.permission",
    "pk": 14
},
{
    "fields": {
        "codename": "delete_contenttype",
        "name": "Can delete content type",
        "content_type": 5
    },
    "model": "auth.permission",
    "pk": 15
},
{
    "fields": {
        "codename": "add_session",
        "name": "Can add session",
        "content_type": 6
    },
    "model": "auth.permission",
    "pk": 16
},
{
    "fields": {
        "codename": "change_session",
        "name": "Can change session",
        "content_type": 6
    },
    "model": "auth.permission",
    "pk": 17
},
{
    "fields": {
        "codename": "delete_session",
        "name": "Can delete session",
        "content_type": 6
    },
    "model": "auth.permission",
    "pk": 18
},
{
    "fields": {
        "codename": "add_signup",
        "name": "Can add sign up",
        "content_type": 7
    },
    "model": "auth.permission",
    "pk": 19
},
{
    "fields": {
        "codename": "change_signup",
        "name": "Can change sign up",
        "content_type": 7
    },
    "model": "auth.permission",
    "pk": 20
},
{
    "fields": {
        "codename": "delete_signup",
        "name": "Can delete sign up",
        "content_type": 7
    },
    "model": "auth.permission",
    "pk": 21
},
{
    "fields": {
        "codename": "add_site",
        "name": "Can add site",
        "content_type": 8
    },
    "model": "auth.permission",
    "pk": 22
},
{
    "fields": {
        "codename": "change_site",
        "name": "Can change site",
        "content_type": 8
    },
    "model": "auth.permission",
    "pk": 23
},
{
    "fields": {
        "codename": "delete_site",
        "name": "Can delete site",
        "content_type": 8
    },
    "model": "auth.permission",
    "pk": 24
},
{
    "fields": {
        "codename": "add_registrationprofile",
        "name": "Can add registration profile",
        "content_type": 9
    },
    "model": "auth.permission",
    "pk": 25
},
{
    "fields": {
        "codename": "change_registrationprofile",
        "name": "Can change registration profile",
        "content_type": 9
    },
    "model": "auth.permission",
    "pk": 26
},
{
    "fields": {
        "codename": "delete_registrationprofile",
        "name": "Can delete registration profile",
        "content_type": 9
    },
    "model": "auth.permission",
    "pk": 27
},
{
    "fields": {
        "codename": "add_product",
        "name": "Can add product",
        "content_type": 10
    },
    "model": "auth.permission",
    "pk": 28
},
{
    "fields": {
        "codename": "change_product",
        "name": "Can change product",
        "content_type": 10
    },
    "model": "auth.permission",
    "pk": 29
},
{
    "fields": {
        "codename": "delete_product",
        "name": "Can delete product",
        "content_type": 10
    },
    "model": "auth.permission",
    "pk": 30
},
{
    "fields": {
        "codename": "add_variation",
        "name": "Can add variation",
        "content_type": 11
    },
    "model": "auth.permission",
    "pk": 31
},
{
    "fields": {
        "codename": "change_variation",
        "name": "Can change variation",
        "content_type": 11
    },
    "model": "auth.permission",
    "pk": 32
},
{
    "fields": {
        "codename": "delete_variation",
        "name": "Can delete variation",
        "content_type": 11
    },
    "model": "auth.permission",
    "pk": 33
},
{
    "fields": {
        "codename": "add_productimage",
        "name": "Can add product image",
        "content_type": 12
    },
    "model": "auth.permission",
    "pk": 34
},
{
    "fields": {
        "codename": "change_productimage",
        "name": "Can change product image",
        "content_type": 12
    },
    "model": "auth.permission",
    "pk": 35
},
{
    "fields": {
        "codename": "delete_productimage",
        "name": "Can delete product image",
        "content_type": 12
    },
    "model": "auth.permission",
    "pk": 36
},
{
    "fields": {
        "codename": "add_category",
        "name": "Can add category",
        "content_type": 13
    },
    "model": "auth.permission",
    "pk": 37
},
{
    "fields": {
        "codename": "change_category",
        "name": "Can change category",
        "content_type": 13
    },
    "model": "auth.permission",
    "pk": 38
},
{
    "fields": {
        "codename": "delete_category",
        "name": "Can delete category",
        "content_type": 13
    },
    "model": "auth.permission",
    "pk": 39
},
{
    "fields": {
        "codename": "add_cartitem",
        "name": "Can add cart item",
        "content_type": 14
    },
    "model": "auth.permission",
    "pk": 40
},
{
    "fields": {
        "codename": "change_cartitem",
        "name": "Can change cart item",
        "content_type": 14
    },
    "model": "auth.permission",
    "pk": 41
},
{
    "fields": {
        "codename": "delete_cartitem",
        "name": "Can delete cart item",
        "content_type": 14
    },
    "model": "auth.permission",
    "pk": 42
},
{
    "fields": {
        "codename": "add_cart",
        "name": "Can add cart",
        "content_type": 15
    },
    "model": "auth.permission",
    "pk": 43
},
{
    "fields": {
        "codename": "change_cart",
        "name": "Can change cart",
        "content_type": 15
    },
    "model": "auth.permission",
    "pk": 44
},
{
    "fields": {
        "codename": "delete_cart",
        "name": "Can delete cart",
        "content_type": 15
    },
    "model": "auth.permission",
    "pk": 45
},
{
    "fields": {
        "username": "keithb",
        "first_name": "Keith ",
        "last_name": "Brandtjen",
        "is_active": true,
        "is_superuser": true,
        "is_staff": true,
        "last_login": "2016-09-07T16:21:14.341Z",
        "groups": [],
        "user_permissions": [
            1,
            2,
            3,
            7,
            8,
            9,
            4,
            5,
            6,
            10,
            11,
            12,
            13,
            14,
            15,
            25,
            26,
            27,
            16,
            17,
            18,
            22,
            23,
            24,
            19,
            20,
            21
        ],
        "password": "pbkdf2_sha256$20000$qe5EIH5TCz3r$s3IByTNp2AuYB3WeLMKn4kUxeXurcD5M8MnZ/KWo+lo=",
        "email": "keith@gmail.com",
        "date_joined": "2016-09-05T22:54:17Z"
    },
    "model": "auth.user",
    "pk": 3
},
{
    "fields": {
        "username": "rwisecar",
        "first_name": "",
        "last_name": "",
        "is_active": true,
        "is_superuser": true,
        "is_staff": true,
        "last_login": "2016-09-06T16:20:18.920Z",
        "groups": [],
        "user_permissions": [],
        "password": "pbkdf2_sha256$20000$1Glktm9SIO9U$kiSIFEVWNbrK6QrQuy26I3cyAPdLSWj/pwhGPJDXHBc=",
        "email": "rachael.wisecarver@gmail.com",
        "date_joined": "2016-09-06T16:15:14Z"
    },
    "model": "auth.user",
    "pk": 4
},
{
    "fields": {
        "username": "rachaelwisecarver",
        "first_name": "Rachael",
        "last_name": "Wisecarber",
        "is_active": true,
        "is_superuser": true,
        "is_staff": true,
        "last_login": "2016-09-06T16:51:29.497Z",
        "groups": [],
        "user_permissions": [],
        "password": "pbkdf2_sha256$20000$5iKSC5z1YHE8$fMk1ZS3wsMt453O+jp7rxYRZEM3M8S5O18i6pfng1nk=",
        "email": "rachael.wisecarver@gmail.com",
        "date_joined": "2016-09-06T16:18:51Z"
    },
    "model": "auth.user",
    "pk": 5
},
{
    "fields": {
        "username": "Keith2",
        "first_name": "Keith",
        "last_name": "Two",
        "is_active": true,
        "is_superuser": true,
        "is_staff": true,
        "last_login": "2016-09-07T21:53:05.902Z",
        "groups": [],
        "user_permissions": [
            1,
            2,
            3,
            7,
            8,
            9,
            4,
            5,
            6,
            10,
            11,
            12,
            13,
            14,
            15,
            25,
            26,
            27,
            16,
            17,
            18,
            22,
            23,
            24,
            19,
            20,
            21
        ],
        "password": "pbkdf2_sha256$20000$jXBVg1dZMaFk$K+mq1d7EwZF4ABTC3RvWUlHn3EewxPfp6KfRqkQj4bw=",
        "email": "keith.two@gmail.com",
        "date_joined": "2016-09-06T17:12:36Z"
    },
    "model": "auth.user",
    "pk": 6
},
{
    "fields": {
        "username": "brittdawn",
        "first_name": "",
        "last_name": "",
        "is_active": true,
        "is_superuser": true,
        "is_staff": true,
        "last_login": "2016-09-08T19:43:51.687Z",
        "groups": [],
        "user_permissions": [],
        "password": "pbkdf2_sha256$20000$KiSH4jJahvU2$oylH9iyfA6aNEvVAs2+wfWd1GfqkGSMeqv0yfLu/aGw=",
        "email": "brittdawndev@gmail.com",
        "date_joined": "2016-09-08T18:42:06.462Z"
    },
    "model": "auth.user",
    "pk": 7
},
{
    "fields": {
        "activation_key": "c188ee2d71f98d50343f7b274b0fdef2db94a141",
        "user": 3
    },
    "model": "registration.registrationprofile",
    "pk": 1
},
{
    "fields": {
        "activation_key": "bf5e612a0757a5a910c9f82b6a009dd2d47fa41f",
        "user": 4
    },
    "model": "registration.registrationprofile",
    "pk": 2
},
{
    "fields": {
        "timestamp": "2016-09-07T21:48:17.504Z",
        "updated": "2016-09-07T21:48:17.504Z",
        "subtotal": "0.00",
        "user": 6
    },
    "model": "carts.cart",
    "pk": 3
},
{
    "fields": {
        "timestamp": "2016-09-07T21:53:00.020Z",
        "updated": "2016-09-07T22:13:58.738Z",
        "subtotal": "0.00",
        "user": 6
    },
    "model": "carts.cart",
    "pk": 4
},
{
    "fields": {
        "timestamp": "2016-09-07T22:14:11.791Z",
        "updated": "2016-09-08T00:19:39.902Z",
        "subtotal": "2708.00",
        "user": null
    },
    "model": "carts.cart",
    "pk": 5
},
{
    "fields": {
        "timestamp": "2016-09-08T00:45:31.739Z",
        "updated": "2016-09-08T01:49:16.305Z",
        "subtotal": "1470.00",
        "user": null
    },
    "model": "carts.cart",
    "pk": 6
},
{
    "fields": {
        "timestamp": "2016-09-08T19:47:56.094Z",
        "updated": "2016-09-08T19:48:03.166Z",
        "subtotal": "95.00",
        "user": null
    },
    "model": "carts.cart",
    "pk": 7
},
{
    "fields": {
        "action_flag": 2,
        "action_time": "2016-09-06T16:20:04.515Z",
        "object_repr": "rwisecar",
        "object_id": "4",
        "change_message": "Changed is_active, is_staff and is_superuser.",
        "user": 5,
        "content_type": 4
    },
    "model": "admin.logentry",
    "pk": 2
},
{
    "fields": {
        "action_flag": 2,
        "action_time": "2016-09-06T16:22:39.031Z",
        "object_repr": "keithb",
        "object_id": "3",
        "change_message": "Changed is_staff and is_superuser.",
        "user": 5,
        "content_type": 4
    },
    "model": "admin.logentry",
    "pk": 3
},
{
    "fields": {
        "action_flag": 3,
        "action_time": "2016-09-06T16:37:49.236Z",
        "object_repr": "brittdawn",
        "object_id": "2",
        "change_message": "",
        "user": 5,
        "content_type": 4
    },
    "model": "admin.logentry",
    "pk": 4
},
{
    "fields": {
        "action_flag": 3,
        "action_time": "2016-09-06T16:38:30.360Z",
        "object_repr": "britt",
        "object_id": "1",
        "change_message": "",
        "user": 5,
        "content_type": 4
    },
    "model": "admin.logentry",
    "pk": 5
},
{
    "fields": {
        "action_flag": 2,
        "action_time": "2016-09-06T16:43:41.769Z",
        "object_repr": "keithb",
        "object_id": "3",
        "change_message": "Changed first_name, last_name and user_permissions.",
        "user": 5,
        "content_type": 4
    },
    "model": "admin.logentry",
    "pk": 6
},
{
    "fields": {
        "action_flag": 2,
        "action_time": "2016-09-06T16:48:09.346Z",
        "object_repr": "rachaelwisecarver",
        "object_id": "5",
        "change_message": "Changed first_name and last_name.",
        "user": 5,
        "content_type": 4
    },
    "model": "admin.logentry",
    "pk": 7
},
{
    "fields": {
        "action_flag": 1,
        "action_time": "2016-09-06T17:12:36.245Z",
        "object_repr": "Keith2",
        "object_id": "6",
        "change_message": "",
        "user": 3,
        "content_type": 4
    },
    "model": "admin.logentry",
    "pk": 8
},
{
    "fields": {
        "action_flag": 2,
        "action_time": "2016-09-06T17:13:00.674Z",
        "object_repr": "Keith2",
        "object_id": "6",
        "change_message": "Changed first_name, last_name, email, is_staff, is_superuser and user_permissions.",
        "user": 3,
        "content_type": 4
    },
    "model": "admin.logentry",
    "pk": 9
},
{
    "fields": {
        "action_flag": 1,
        "action_time": "2016-09-06T18:15:23.963Z",
        "object_repr": "Coconut Milk",
        "object_id": "1",
        "change_message": "",
        "user": 6,
        "content_type": 10
    },
    "model": "admin.logentry",
    "pk": 10
},
{
    "fields": {
        "action_flag": 1,
        "action_time": "2016-09-06T19:51:29.066Z",
        "object_repr": "Eggplant ",
        "object_id": "2",
        "change_message": "",
        "user": 6,
        "content_type": 10
    },
    "model": "admin.logentry",
    "pk": 11
},
{
    "fields": {
        "action_flag": 1,
        "action_time": "2016-09-06T19:51:51.536Z",
        "object_repr": "Black Olives",
        "object_id": "3",
        "change_message": "",
        "user": 6,
        "content_type": 10
    },
    "model": "admin.logentry",
    "pk": 12
},
{
    "fields": {
        "action_flag": 2,
        "action_time": "2016-09-06T20:30:36.309Z",
        "object_repr": "Black Olives",
        "object_id": "3",
        "change_message": "Changed active.",
        "user": 6,
        "content_type": 10
    },
    "model": "admin.logentry",
    "pk": 13
},
{
    "fields": {
        "action_flag": 1,
        "action_time": "2016-09-06T20:43:11.606Z",
        "object_repr": "Chocolate Flavored",
        "object_id": "1",
        "change_message": "",
        "user": 6,
        "content_type": 11
    },
    "model": "admin.logentry",
    "pk": 14
},
{
    "fields": {
        "action_flag": 2,
        "action_time": "2016-09-06T20:43:20.980Z",
        "object_repr": "Chocolate Flavored",
        "object_id": "1",
        "change_message": "No fields changed.",
        "user": 6,
        "content_type": 11
    },
    "model": "admin.logentry",
    "pk": 15
},
{
    "fields": {
        "action_flag": 1,
        "action_time": "2016-09-06T20:49:30.219Z",
        "object_repr": "Pizza Flavored",
        "object_id": "2",
        "change_message": "",
        "user": 6,
        "content_type": 11
    },
    "model": "admin.logentry",
    "pk": 16
},
{
    "fields": {
        "action_flag": 1,
        "action_time": "2016-09-06T20:49:49.750Z",
        "object_repr": "Spaghetti Flavored",
        "object_id": "3",
        "change_message": "",
        "user": 6,
        "content_type": 11
    },
    "model": "admin.logentry",
    "pk": 17
},
{
    "fields": {
        "action_flag": 2,
        "action_time": "2016-09-06T21:36:49.099Z",
        "object_repr": "Black Olives",
        "object_id": "3",
        "change_message": "Changed active.",
        "user": 6,
        "content_type": 10
    },
    "model": "admin.logentry",
    "pk": 18
},
{
    "fields": {
        "action_flag": 1,
        "action_time": "2016-09-06T22:03:41.399Z",
        "object_repr": "Oreos",
        "object_id": "4",
        "change_message": "",
        "user": 6,
        "content_type": 10
    },
    "model": "admin.logentry",
    "pk": 19
},
{
    "fields": {
        "action_flag": 1,
        "action_time": "2016-09-06T22:06:04.064Z",
        "object_repr": "Oreos",
        "object_id": "1",
        "change_message": "",
        "user": 6,
        "content_type": 12
    },
    "model": "admin.logentry",
    "pk": 20
},
{
    "fields": {
        "action_flag": 1,
        "action_time": "2016-09-06T22:36:20.436Z",
        "object_repr": "Oreos",
        "object_id": "2",
        "change_message": "",
        "user": 6,
        "content_type": 12
    },
    "model": "admin.logentry",
    "pk": 21
},
{
    "fields": {
        "action_flag": 2,
        "action_time": "2016-09-06T22:37:36.845Z",
        "object_repr": "Pumpkin Spice",
        "object_id": "5",
        "change_message": "Changed title, price, sale_price and inventory.",
        "user": 6,
        "content_type": 11
    },
    "model": "admin.logentry",
    "pk": 22
},
{
    "fields": {
        "action_flag": 1,
        "action_time": "2016-09-06T22:37:51.050Z",
        "object_repr": "Swedish Fish",
        "object_id": "6",
        "change_message": "",
        "user": 6,
        "content_type": 11
    },
    "model": "admin.logentry",
    "pk": 23
},
{
    "fields": {
        "action_flag": 1,
        "action_time": "2016-09-07T01:31:10.821Z",
        "object_repr": "Cookies",
        "object_id": "1",
        "change_message": "",
        "user": 6,
        "content_type": 13
    },
    "model": "admin.logentry",
    "pk": 24
},
{
    "fields": {
        "action_flag": 2,
        "action_time": "2016-09-07T01:32:25.414Z",
        "object_repr": "Oreos",
        "object_id": "4",
        "change_message": "Changed categories.",
        "user": 6,
        "content_type": 10
    },
    "model": "admin.logentry",
    "pk": 25
},
{
    "fields": {
        "action_flag": 1,
        "action_time": "2016-09-07T02:09:36.544Z",
        "object_repr": "Disgusting Veggies",
        "object_id": "2",
        "change_message": "",
        "user": 6,
        "content_type": 13
    },
    "model": "admin.logentry",
    "pk": 26
},
{
    "fields": {
        "action_flag": 2,
        "action_time": "2016-09-07T02:09:53.887Z",
        "object_repr": "Black Olives",
        "object_id": "3",
        "change_message": "Changed categories.",
        "user": 6,
        "content_type": 10
    },
    "model": "admin.logentry",
    "pk": 27
},
{
    "fields": {
        "action_flag": 2,
        "action_time": "2016-09-07T02:10:16.950Z",
        "object_repr": "Black Olives",
        "object_id": "3",
        "change_message": "Changed categories.",
        "user": 6,
        "content_type": 10
    },
    "model": "admin.logentry",
    "pk": 28
},
{
    "fields": {
        "action_flag": 2,
        "action_time": "2016-09-07T02:10:22.965Z",
        "object_repr": "Eggplant ",
        "object_id": "2",
        "change_message": "Changed categories.",
        "user": 6,
        "content_type": 10
    },
    "model": "admin.logentry",
    "pk": 29
},
{
    "fields": {
        "action_flag": 2,
        "action_time": "2016-09-07T02:12:01.445Z",
        "object_repr": "Disgusting Veggies",
        "object_id": "2",
        "change_message": "Changed slug.",
        "user": 6,
        "content_type": 13
    },
    "model": "admin.logentry",
    "pk": 30
},
{
    "fields": {
        "action_flag": 3,
        "action_time": "2016-09-07T16:52:23.034Z",
        "object_repr": "Black Olives",
        "object_id": "3",
        "change_message": "",
        "user": 3,
        "content_type": 10
    },
    "model": "admin.logentry",
    "pk": 31
},
{
    "fields": {
        "action_flag": 1,
        "action_time": "2016-09-07T16:53:14.411Z",
        "object_repr": "Pickles",
        "object_id": "5",
        "change_message": "",
        "user": 3,
        "content_type": 10
    },
    "model": "admin.logentry",
    "pk": 32
},
{
    "fields": {
        "action_flag": 2,
        "action_time": "2016-09-07T17:27:20.636Z",
        "object_repr": "Oreos",
        "object_id": "2",
        "change_message": "No fields changed.",
        "user": 3,
        "content_type": 12
    },
    "model": "admin.logentry",
    "pk": 33
},
{
    "fields": {
        "action_flag": 2,
        "action_time": "2016-09-07T17:27:33.133Z",
        "object_repr": "Oreos",
        "object_id": "2",
        "change_message": "Changed image.",
        "user": 3,
        "content_type": 12
    },
    "model": "admin.logentry",
    "pk": 34
},
{
    "fields": {
        "action_flag": 3,
        "action_time": "2016-09-07T17:31:34.788Z",
        "object_repr": "Oreos",
        "object_id": "2",
        "change_message": "",
        "user": 3,
        "content_type": 12
    },
    "model": "admin.logentry",
    "pk": 35
},
{
    "fields": {
        "action_flag": 3,
        "action_time": "2016-09-07T17:31:34.816Z",
        "object_repr": "Oreos",
        "object_id": "1",
        "change_message": "",
        "user": 3,
        "content_type": 12
    },
    "model": "admin.logentry",
    "pk": 36
},
{
    "fields": {
        "action_flag": 1,
        "action_time": "2016-09-07T17:32:12.871Z",
        "object_repr": "Oreos",
        "object_id": "3",
        "change_message": "",
        "user": 3,
        "content_type": 12
    },
    "model": "admin.logentry",
    "pk": 37
},
{
    "fields": {
        "action_flag": 1,
        "action_time": "2016-09-07T17:32:53.530Z",
        "object_repr": "gum",
        "object_id": "3",
        "change_message": "",
        "user": 3,
        "content_type": 13
    },
    "model": "admin.logentry",
    "pk": 38
},
{
    "fields": {
        "action_flag": 1,
        "action_time": "2016-09-07T17:33:04.086Z",
        "object_repr": "Meatball Gum",
        "object_id": "6",
        "change_message": "",
        "user": 3,
        "content_type": 10
    },
    "model": "admin.logentry",
    "pk": 39
},
{
    "fields": {
        "action_flag": 2,
        "action_time": "2016-09-07T17:33:23.096Z",
        "object_repr": "Meatball Gum",
        "object_id": "6",
        "change_message": "Changed default.",
        "user": 3,
        "content_type": 10
    },
    "model": "admin.logentry",
    "pk": 40
},
{
    "fields": {
        "action_flag": 1,
        "action_time": "2016-09-07T17:37:08.792Z",
        "object_repr": "Meatball Gum",
        "object_id": "4",
        "change_message": "",
        "user": 3,
        "content_type": 12
    },
    "model": "admin.logentry",
    "pk": 41
},
{
    "fields": {
        "action_flag": 3,
        "action_time": "2016-09-07T17:37:54.852Z",
        "object_repr": "Pickles",
        "object_id": "5",
        "change_message": "",
        "user": 3,
        "content_type": 10
    },
    "model": "admin.logentry",
    "pk": 42
},
{
    "fields": {
        "action_flag": 3,
        "action_time": "2016-09-07T17:38:01.948Z",
        "object_repr": "Eggplant ",
        "object_id": "2",
        "change_message": "",
        "user": 3,
        "content_type": 10
    },
    "model": "admin.logentry",
    "pk": 43
},
{
    "fields": {
        "action_flag": 3,
        "action_time": "2016-09-07T17:38:08.304Z",
        "object_repr": "Coconut Milk",
        "object_id": "1",
        "change_message": "",
        "user": 3,
        "content_type": 10
    },
    "model": "admin.logentry",
    "pk": 44
},
{
    "fields": {
        "action_flag": 1,
        "action_time": "2016-09-07T17:38:45.769Z",
        "object_repr": "Gummies",
        "object_id": "4",
        "change_message": "",
        "user": 3,
        "content_type": 13
    },
    "model": "admin.logentry",
    "pk": 45
},
{
    "fields": {
        "action_flag": 1,
        "action_time": "2016-09-07T17:38:52.023Z",
        "object_repr": "Spermies",
        "object_id": "7",
        "change_message": "",
        "user": 3,
        "content_type": 10
    },
    "model": "admin.logentry",
    "pk": 46
},
{
    "fields": {
        "action_flag": 1,
        "action_time": "2016-09-07T17:39:36.509Z",
        "object_repr": "Hard-candy",
        "object_id": "5",
        "change_message": "",
        "user": 3,
        "content_type": 13
    },
    "model": "admin.logentry",
    "pk": 47
},
{
    "fields": {
        "action_flag": 1,
        "action_time": "2016-09-07T17:39:40.370Z",
        "object_repr": "Ball Bearings",
        "object_id": "8",
        "change_message": "",
        "user": 3,
        "content_type": 10
    },
    "model": "admin.logentry",
    "pk": 48
},
{
    "fields": {
        "action_flag": 1,
        "action_time": "2016-09-07T17:40:21.368Z",
        "object_repr": "Bug-Pops",
        "object_id": "9",
        "change_message": "",
        "user": 3,
        "content_type": 10
    },
    "model": "admin.logentry",
    "pk": 49
},
{
    "fields": {
        "action_flag": 1,
        "action_time": "2016-09-07T17:40:49.741Z",
        "object_repr": "Gummy-Bacon",
        "object_id": "10",
        "change_message": "",
        "user": 3,
        "content_type": 10
    },
    "model": "admin.logentry",
    "pk": 50
},
{
    "fields": {
        "action_flag": 1,
        "action_time": "2016-09-07T17:42:10.641Z",
        "object_repr": "Ice Cream",
        "object_id": "6",
        "change_message": "",
        "user": 3,
        "content_type": 13
    },
    "model": "admin.logentry",
    "pk": 51
},
{
    "fields": {
        "action_flag": 1,
        "action_time": "2016-09-07T17:42:23.784Z",
        "object_repr": "Poop Ice Cream",
        "object_id": "11",
        "change_message": "",
        "user": 3,
        "content_type": 10
    },
    "model": "admin.logentry",
    "pk": 52
},
{
    "fields": {
        "action_flag": 2,
        "action_time": "2016-09-07T17:43:07.959Z",
        "object_repr": "Oreos",
        "object_id": "3",
        "change_message": "Changed image.",
        "user": 3,
        "content_type": 12
    },
    "model": "admin.logentry",
    "pk": 53
},
{
    "fields": {
        "action_flag": 2,
        "action_time": "2016-09-07T17:43:13.628Z",
        "object_repr": "Oreos",
        "object_id": "3",
        "change_message": "No fields changed.",
        "user": 3,
        "content_type": 12
    },
    "model": "admin.logentry",
    "pk": 54
},
{
    "fields": {
        "action_flag": 1,
        "action_time": "2016-09-07T17:43:25.688Z",
        "object_repr": "Spermies",
        "object_id": "5",
        "change_message": "",
        "user": 3,
        "content_type": 12
    },
    "model": "admin.logentry",
    "pk": 55
},
{
    "fields": {
        "action_flag": 1,
        "action_time": "2016-09-07T17:43:42.755Z",
        "object_repr": "Ball Bearings",
        "object_id": "6",
        "change_message": "",
        "user": 3,
        "content_type": 12
    },
    "model": "admin.logentry",
    "pk": 56
},
{
    "fields": {
        "action_flag": 1,
        "action_time": "2016-09-07T17:44:05.246Z",
        "object_repr": "Bug-Pops",
        "object_id": "7",
        "change_message": "",
        "user": 3,
        "content_type": 12
    },
    "model": "admin.logentry",
    "pk": 57
},
{
    "fields": {
        "action_flag": 1,
        "action_time": "2016-09-07T17:44:18.547Z",
        "object_repr": "Gummy-Bacon",
        "object_id": "8",
        "change_message": "",
        "user": 3,
        "content_type": 12
    },
    "model": "admin.logentry",
    "pk": 58
},
{
    "fields": {
        "action_flag": 1,
        "action_time": "2016-09-07T17:44:31.316Z",
        "object_repr": "Poop Ice Cream",
        "object_id": "9",
        "change_message": "",
        "user": 3,
        "content_type": 12
    },
    "model": "admin.logentry",
    "pk": 59
},
{
    "fields": {
        "action_flag": 1,
        "action_time": "2016-09-07T21:05:55.395Z",
        "object_repr": "1",
        "object_id": "1",
        "change_message": "",
        "user": 6,
        "content_type": 15
    },
    "model": "admin.logentry",
    "pk": 60
},
{
    "fields": {
        "action_flag": 2,
        "action_time": "2016-09-07T21:46:47.356Z",
        "object_repr": "Poop Ice Cream",
        "object_id": "14",
        "change_message": "Changed title.",
        "user": 6,
        "content_type": 11
    },
    "model": "admin.logentry",
    "pk": 61
},
{
    "fields": {
        "action_flag": 2,
        "action_time": "2016-09-07T21:46:53.424Z",
        "object_repr": "Gummy Bacon",
        "object_id": "13",
        "change_message": "Changed title.",
        "user": 6,
        "content_type": 11
    },
    "model": "admin.logentry",
    "pk": 62
},
{
    "fields": {
        "action_flag": 2,
        "action_time": "2016-09-07T21:47:09.232Z",
        "object_repr": "12 Pack",
        "object_id": "12",
        "change_message": "Changed title.",
        "user": 6,
        "content_type": 11
    },
    "model": "admin.logentry",
    "pk": 63
},
{
    "fields": {
        "action_flag": 2,
        "action_time": "2016-09-07T21:47:17.379Z",
        "object_repr": "1 bushel",
        "object_id": "11",
        "change_message": "Changed title.",
        "user": 6,
        "content_type": 11
    },
    "model": "admin.logentry",
    "pk": 64
},
{
    "fields": {
        "action_flag": 2,
        "action_time": "2016-09-07T21:47:31.970Z",
        "object_repr": "1 package",
        "object_id": "10",
        "change_message": "Changed title.",
        "user": 6,
        "content_type": 11
    },
    "model": "admin.logentry",
    "pk": 65
},
{
    "fields": {
        "action_flag": 2,
        "action_time": "2016-09-07T21:47:42.113Z",
        "object_repr": "1 wad",
        "object_id": "9",
        "change_message": "Changed title.",
        "user": 6,
        "content_type": 11
    },
    "model": "admin.logentry",
    "pk": 66
},
{
    "fields": {
        "action_flag": 3,
        "action_time": "2016-09-07T21:47:58.794Z",
        "object_repr": "2",
        "object_id": "2",
        "change_message": "",
        "user": 6,
        "content_type": 15
    },
    "model": "admin.logentry",
    "pk": 67
},
{
    "fields": {
        "action_flag": 3,
        "action_time": "2016-09-07T21:47:58.803Z",
        "object_repr": "1",
        "object_id": "1",
        "change_message": "",
        "user": 6,
        "content_type": 15
    },
    "model": "admin.logentry",
    "pk": 68
},
{
    "fields": {
        "action_flag": 1,
        "action_time": "2016-09-07T21:48:17.506Z",
        "object_repr": "3",
        "object_id": "3",
        "change_message": "",
        "user": 6,
        "content_type": 15
    },
    "model": "admin.logentry",
    "pk": 69
},
{
    "fields": {
        "action_flag": 2,
        "action_time": "2016-09-08T18:45:26.513Z",
        "object_repr": "Poop Ice Cream",
        "object_id": "9",
        "change_message": "Changed image.",
        "user": 7,
        "content_type": 12
    },
    "model": "admin.logentry",
    "pk": 70
},
{
    "fields": {
        "action_flag": 2,
        "action_time": "2016-09-08T18:45:40.323Z",
        "object_repr": "Gummy-Bacon",
        "object_id": "8",
        "change_message": "Changed image.",
        "user": 7,
        "content_type": 12
    },
    "model": "admin.logentry",
    "pk": 71
},
{
    "fields": {
        "action_flag": 2,
        "action_time": "2016-09-08T18:45:53.910Z",
        "object_repr": "Bug-Pops",
        "object_id": "7",
        "change_message": "Changed image.",
        "user": 7,
        "content_type": 12
    },
    "model": "admin.logentry",
    "pk": 72
},
{
    "fields": {
        "action_flag": 2,
        "action_time": "2016-09-08T18:46:19.372Z",
        "object_repr": "Ball Bearings",
        "object_id": "6",
        "change_message": "Changed image.",
        "user": 7,
        "content_type": 12
    },
    "model": "admin.logentry",
    "pk": 73
},
{
    "fields": {
        "action_flag": 3,
        "action_time": "2016-09-08T18:46:29.570Z",
        "object_repr": "Spermies",
        "object_id": "5",
        "change_message": "",
        "user": 7,
        "content_type": 12
    },
    "model": "admin.logentry",
    "pk": 74
},
{
    "fields": {
        "action_flag": 2,
        "action_time": "2016-09-08T18:46:44.401Z",
        "object_repr": "Meatball Gum",
        "object_id": "4",
        "change_message": "Changed image.",
        "user": 7,
        "content_type": 12
    },
    "model": "admin.logentry",
    "pk": 75
},
{
    "fields": {
        "action_flag": 2,
        "action_time": "2016-09-08T18:47:11.773Z",
        "object_repr": "Oreos",
        "object_id": "3",
        "change_message": "Changed image.",
        "user": 7,
        "content_type": 12
    },
    "model": "admin.logentry",
    "pk": 76
},
{
    "fields": {
        "action_flag": 2,
        "action_time": "2016-09-08T19:41:44.603Z",
        "object_repr": "Poop Ice Cream",
        "object_id": "9",
        "change_message": "Changed image.",
        "user": 7,
        "content_type": 12
    },
    "model": "admin.logentry",
    "pk": 77
},
{
    "fields": {
        "action_flag": 2,
        "action_time": "2016-09-08T19:42:06.219Z",
        "object_repr": "Gummy-Bacon",
        "object_id": "8",
        "change_message": "Changed image.",
        "user": 7,
        "content_type": 12
    },
    "model": "admin.logentry",
    "pk": 78
},
{
    "fields": {
        "action_flag": 2,
        "action_time": "2016-09-08T19:44:02.231Z",
        "object_repr": "Gummy-Bacon",
        "object_id": "8",
        "change_message": "Changed image.",
        "user": 7,
        "content_type": 12
    },
    "model": "admin.logentry",
    "pk": 79
},
{
    "fields": {
        "action_flag": 2,
        "action_time": "2016-09-08T19:44:09.801Z",
        "object_repr": "Bug-Pops",
        "object_id": "7",
        "change_message": "Changed image.",
        "user": 7,
        "content_type": 12
    },
    "model": "admin.logentry",
    "pk": 80
},
{
    "fields": {
        "action_flag": 2,
        "action_time": "2016-09-08T19:44:18.945Z",
        "object_repr": "Ball Bearings",
        "object_id": "6",
        "change_message": "Changed image.",
        "user": 7,
        "content_type": 12
    },
    "model": "admin.logentry",
    "pk": 81
},
{
    "fields": {
        "action_flag": 2,
        "action_time": "2016-09-08T19:44:33.712Z",
        "object_repr": "Meatball Gum",
        "object_id": "4",
        "change_message": "Changed image.",
        "user": 7,
        "content_type": 12
    },
    "model": "admin.logentry",
    "pk": 82
},
{
    "fields": {
        "action_flag": 2,
        "action_time": "2016-09-08T19:44:41.365Z",
        "object_repr": "Oreos",
        "object_id": "3",
        "change_message": "Changed image.",
        "user": 7,
        "content_type": 12
    },
    "model": "admin.logentry",
    "pk": 83
},
{
    "fields": {
        "action_flag": 3,
        "action_time": "2016-09-08T19:44:55.779Z",
        "object_repr": "Spermies",
        "object_id": "7",
        "change_message": "",
        "user": 7,
        "content_type": 10
    },
    "model": "admin.logentry",
    "pk": 84
}
]
